id,title,db_category,prediction,db_score,top1_score,top2_score,margin,bin,human_category,label_note
1,Tướng Ba Lan tiết lộ vụ F-16 suýt bắn rơi MiG-29 Ukraine,Khoa học,Khoa học,-0.5191517295124731,-0.5191517295124731,-0.5829367115058997,0.06378498199342653,<0.10,,
2,Xây dựng cơ chế mới phát triển công nghệ chiến lược và nhiệm vụ cấp bách,Khoa học,Khoa học,0.033812207010562534,0.033812207010562534,-0.8312289514139721,0.8650411584245347,>=0.50,,
3,Ăn gì giàu omega-3 tốt cho tim?,Sức khỏe,Sức khỏe,-0.06499961328146409,-0.06499961328146409,-0.707704572145135,0.642704958863671,>=0.50,,
4,5 thay đổi ở mắt có thể cảnh báo rối loạn tuyến giáp,Sức khỏe,Sức khỏe,-0.15914915101320448,-0.15914915101320448,-0.6541690336201509,0.4950198826069464,0.30–0.50,,
5,Gom tinh trùng thụ tinh ống nghiệm cho người đàn ông vô sinh,Sức khỏe,Sức khỏe,-0.31296272721030716,-0.31296272721030716,-0.5584750140818519,0.2455122868715447,0.20–0.30,,
6,TP HCM sáp nhập Bệnh viện Giao thông vận tải,Sức khỏe,Sức khỏe,0.1328014074010957,0.1328014074010957,-0.8387914846153924,0.9715928920164881,>=0.50,,
7,Nghệ thuật 'khiêu khích' ẩn sau quả chuối dán tường 6 triệu USD,Khoa học,Khoa học,-0.6051188845326458,-0.6051188845326458,-0.6879185953363288,0.08279971080368298,<0.10,,
8,Sun World được giao hơn 200 ha đất làm khu đô thị ở Măng Đen,Khoa học,Khoa học,-0.5820397917395278,-0.5820397917395278,-0.6219973608295489,0.03995756909002113,<0.10,,
9,Hơn 29 triệu người nguy cơ thiếu nước do El Nino,Sức khỏe,Sức khỏe,-0.3624879028125557,-0.3624879028125557,-0.7360099957992579,0.37352209298670214,0.30–0.50,,
10,'The World We' mở không gian đối thoại về cách con người nhìn thế giới,Giáo dục,Giáo dục,-0.33180678947566683,-0.33180678947566683,-0.5742660298799481,0.2424592404042813,0.20–0.30,,
11,Long Châu đưa giải pháp tránh thai thế hệ mới từ Đức về Việt Nam,Sức khỏe,Sức khỏe,-0.44098606711834404,-0.44098606711834404,-0.5472613991397361,0.10627533202139211,0.10–0.20,,
12,Ứng dụng hẹn hò cam kết hoàn tiền nếu 3 năm vẫn 'ế',Khoa học,Khoa học,-0.5447834996536883,-0.5447834996536883,-0.5748901962540548,0.030106696600366467,<0.10,,
13,"MPV cỡ B tháng 8 - doanh số giảm, Xpander vẫn dẫn đầu",Kinh doanh,Kinh doanh,-0.4275202323047269,-0.4275202323047269,-0.6794057129831532,0.2518854806784263,0.20–0.30,,
14,CLB đối thủ chế nhạo Ronaldo vấp cỏ,Thể thao,Thể thao,-0.2663663146389614,-0.2663663146389614,-0.6761296003889496,0.40976328574998827,0.30–0.50,,
15,Vua và Hoàng hậu Thái Lan lễ Phật tại chùa Quán Sứ,Thế giới,Thế giới,-0.5173262233595174,-0.5173262233595174,-0.6282902535659367,0.11096403020641932,0.10–0.20,,
16,Startup Aves mở cuộc thi thiết kế xe máy điện,Khoa học,Khoa học,-0.37771274912028585,-0.37771274912028585,-0.6330475323127837,0.2553347831924978,0.20–0.30,,
17,Cựu trung vệ Pháp: 'Tôi chưa từng thấy Messi nói về Quả Bóng Vàng như Mbappe',Thể thao,Thể thao,-0.27138834991024796,-0.27138834991024796,-0.6593376463961711,0.38794929648592313,0.30–0.50,,
18,Giám đốc Công ty Explore Ha Giang bị bắt,Kinh doanh,Kinh doanh,0.0892642451434904,0.0892642451434904,-0.785154868884618,0.8744191140281085,>=0.50,,
19,An Giang chi thừa tiền cho 35 người nghỉ việc theo chính sách 178,Khoa học,Khoa học,-0.6588943724286789,-0.6588943724286789,-0.7022409046494777,0.04334653222079887,<0.10,,
20,"6 người giả bác sĩ gây tê, hút mỡ cho khách muốn làm đẹp",Sức khỏe,Sức khỏe,0.10023113379852455,0.10023113379852455,-0.6951502373254628,0.7953813711239873,>=0.50,,
21,Bệnh viện Hàn Quốc truyền nhầm nhóm máu khiến bệnh nhân tử vong,Sức khỏe,Sức khỏe,-0.3820639230145296,-0.3820639230145296,-0.4324031259453288,0.05033920293079919,<0.10,,
22,Bảo Tín Mạnh Hải ra mắt quà tặng vàng 24K mùa Trung thu,Kinh doanh,Kinh doanh,-0.5610336728189529,-0.5610336728189529,-0.5839894514488418,0.022955778629888957,<0.10,,
23,Yếu tố giúp ống luồn dây điện IMC Vietconduit đạt chuẩn UL 1242,Khoa học,Khoa học,-0.49420176359947193,-0.49420176359947193,-0.5901381637207156,0.09593640012124366,<0.10,,
24,Ecovacs T80 Max - robot lau nhà mạnh nhất phân khúc tầm trung,Khoa học,Khoa học,-0.3734836705218126,-0.3734836705218126,-0.7092313342989359,0.33574766377712334,0.30–0.50,,
25,TP HCM yêu cầu rút ngắn thời gian giải quyết hồ sơ đất đai cho người dân,Pháp luật,Pháp luật,-0.6925285123100987,-0.6925285123100987,-0.7282336492116575,0.03570513690155874,<0.10,,
26,Ký ức hiệu kem 35 Tràng Tiền qua ống kính người khách Nhật,Sức khỏe,Sức khỏe,-0.5198461835777647,-0.5198461835777647,-0.6083542333440644,0.08850804976629967,<0.10,,
27,Ôtô tông loạt xe máy dừng đèn đỏ ở TP HCM,Xe,Xe,-0.6150077093537896,-0.6150077093537896,-0.6199588746511508,0.004951165297361282,<0.10,,
28,Ai mới là người nghèo thật sự?,Khoa học,Khoa học,-0.4475388464094364,-0.4475388464094364,-0.6265652974525752,0.17902645104313875,0.10–0.20,,
29,Tôi làm dâu nhà giàu nhưng phải tự kiếm từng đồng tiền bỉm sữa,Đời sống,Đời sống,-0.4272228571765884,-0.4272228571765884,-0.6923397960383415,0.2651169388617531,0.20–0.30,,
30,Ý tưởng về iPhone Duo bắt đầu từ 15 năm trước,Khoa học,Khoa học,-0.2521786304428848,-0.2521786304428848,-0.7432226961952919,0.4910440657524071,0.30–0.50,,
31,Ba điểm đến khám phá rừng - biển tại New South Wales,Khoa học,Khoa học,-0.09252359347263611,-0.09252359347263611,-0.7385181798389127,0.6459945863662766,>=0.50,,
32,Điều gì xảy ra khi ung thư phổi không được điều trị?,Sức khỏe,Sức khỏe,0.09816747367850032,0.09816747367850032,-0.6475460249490045,0.7457134986275048,>=0.50,,
33,Sedan cỡ C tháng 8: Cuộc đua ngày càng lệch về Mazda3,Thể thao,Thể thao,-0.6843236469103229,-0.6843236469103229,-0.7044677254488677,0.02014407853854483,<0.10,,
34,Nhóm người mắc kẹt ba ngày trong hang ở Phú Thọ,Khoa học,Khoa học,-0.5209650466061987,-0.5209650466061987,-0.6130513672945862,0.09208632068838751,<0.10,,
35,Nhà vua Thái Lan vào Lăng viếng Chủ tịch Hồ Chí Minh,Thể thao,Thể thao,-0.5375913473879058,-0.5375913473879058,-0.6306317672687409,0.09304041988083511,<0.10,,
36,"Sợ chồng biết cầm xe trả nợ, vợ dựng chuyện bị cướp",Đời sống,Đời sống,-0.48248681722269926,-0.48248681722269926,-0.5754989394260475,0.0930121222033482,<0.10,,
37,40 đại học tuyển sinh năm 2027 bằng điểm thi SPT,Giáo dục,Giáo dục,0.4784884612948417,0.4784884612948417,-0.8942796400819849,1.3727681013768267,>=0.50,,
38,Bóng chuyền nữ Việt Nam thắng dễ ở ASIAD 2026,Thể thao,Thể thao,-0.39356467912393045,-0.39356467912393045,-0.6437015182844328,0.25013683916050233,0.20–0.30,,
39,Singapore tặng tiền để người dân đọc sách,Đời sống,Đời sống,-0.5227272344256935,-0.5227272344256935,-0.7200754243104289,0.19734818988473546,0.10–0.20,,
40,Khách hàng và nhiếp ảnh gia kiện nhau vì ảnh cưới xấu,Đời sống,Đời sống,-0.5580029693426567,-0.5580029693426567,-0.5814071324913781,0.023404163148721402,<0.10,,
41,Thanh long xuất khẩu còn 2.000 đồng một kg,Kinh doanh,Kinh doanh,0.14076796044428141,0.14076796044428141,-0.7756076581568587,0.9163756186011401,>=0.50,,
42,TTC Land khánh thành tổ hợp đa tiện ích TTC Plaza Đà Nẵng,Kinh doanh,Kinh doanh,-0.4155774591082809,-0.4155774591082809,-0.6911429230124252,0.27556546390414427,0.20–0.30,,
43,Có những loại chất nhờn tiêm khớp nào?,Sức khỏe,Sức khỏe,-0.37859598169225916,-0.37859598169225916,-0.5870623376256774,0.20846635593341822,0.20–0.30,,
44,Hai khách hàng trúng căn hộ 10 tỷ khi gửi tiết kiệm tại NCB,Kinh doanh,Kinh doanh,-0.24964966977913305,-0.24964966977913305,-0.5987615781786491,0.349111908399516,0.30–0.50,,
45,Bị hen nhẹ có cần dùng thuốc mỗi ngày?,Sức khỏe,Sức khỏe,-0.3533286779288893,-0.3533286779288893,-0.6679802577578391,0.3146515798289498,0.30–0.50,,
46,Hà Nội đêm trên cung đường VnExpress Marathon,Khoa học,Khoa học,-0.5514661091255029,-0.5514661091255029,-0.6785669125632838,0.12710080343778096,0.10–0.20,,
47,Mỹ yêu cầu Tesla giải trình về an toàn của robotaxi,Xe,Xe,-0.3733727246534144,-0.3733727246534144,-0.6194282206706905,0.24605549601727605,0.20–0.30,,
48,Indonesia mất cầu thủ Serie A ở FIFA ASEAN Cup 2026,Thể thao,Thể thao,0.1643764252796952,0.1643764252796952,-0.7280356800807274,0.8924121053604226,>=0.50,,
49,"Hàng xóm thắc mắc vì tôi không đốt tổ ong vò vẽ, giết rắn trong vườn 3.000 m2",Khoa học,Khoa học,-0.39656383276017293,-0.39656383276017293,-0.6648960286115418,0.2683321958513689,0.20–0.30,,
